archi,2g,3g,4g,5g,6g,mixg
100,0.9506477034766583,0.8564317847021753,0.761713821417483,0.6641784636116818,0.5452698819534816,0.7355240602323285
32,0.9338523328555103,0.835164254430873,0.7422067498563227,0.6529551264689756,0.5610941927983036,0.7219291784608982
350-1000,0.9469715486091386,0.85033128331825,0.7526869290069428,0.6565652228483099,0.5550300235828802,0.7305828689956765
